Office,StreetAddress,City,State,PostalCode"""Atlanta""","""2970 Clairmont Road NE, Suite 850""",Brookhaven,GA,30329Chicago,"""1315 22nd Street, Suite 410""",Oak Brook,IL,60523Chicago Downtown,"""600 W. Jackson Blvd. Suite 100""",Chicago,IL,60661Denver,"""1600 Champa St., Suite 350""",Denver,CO,80202Denver Civil Engineering,"""990 S. Broadway, Suite 230""",Denver,CO,80209Downtown San Diego,"""600 B Street, Suite 2070""",San Diego,CA,92101Houston,"""4900 Woodway Dr., Suite 515""",Houston,Tx,77056Irvine,"""10 Edelman""",Irvine,CA,92618Los Angeles,"""915 Wilshire Blvd, Suite 2150""",Los Angeles,CA,90017Mexico,"""Culiacˆn 123, piso 11, oficina #1107 col. Hip„dromo Condesa CDMX Mexico 06170""",col. Hip„dromo Condesa CDMX,Mexico,6170Miami,"""15150 NW 79th  Court, Suite 202""",Miami Lakes,FL,33016New Jersey,"""90 Woodbridge Center Drive, Suite 320""",Woodbridge,NJ,7095New York,"""45 West 21st Street, 6th Floor""",New York,NY,10010Panama,"""International Business Park, Building 3815, Office # 204, Panama, Pacifico Boulevard Avenue Howard Airforce Base""",Panama City,PANAMA,Phoenix,"""2777 E. Camelback Rd, Suite 325""",Phoenix,AZ,85016Pleasanton,"""4683 Chabot Drive., Suite 300""",Pleasanton,CA,94588Princeton,"""188 Nassau Street, 2nd Floor, Suite 1""",Princeton,NJ,8542San Diego,"""3911 Sorrento Valley Blvd, Suite 120""",San Diego,CA,92121San Francisco,"""360 Pine Street, 2nd Floor""",San Francisco,CA,94104Seattle,"""3015 112Th Ave NE, Suite 205""",Bellevue,WA,98004Toronto,"""180 Bass Pro Mills Drive, Unit 103""",Vaughan,ON,L4K 0G9
